strategy,total,accuracy,total_cost,avg_cost,total_latency_ms,avg_latency_ms,strong_usage_rate,total_strong_calls,total_cheap_calls,prompt_tokens,completion_tokens,advantage_threshold,confidence_threshold
always_cheap,3200,0.7153125,0.9017248,0.000281789,2252798.44,704.0,0.0,0,3200,1469736,98072,,
always_strong,3200,0.7759375,2.4679224,0.0007712257,4060755.18,1268.99,1.0,3200,0,1469736,97811,,
task_aware,3200,0.7625,2.048288,0.00064009,3427540.68,1071.11,0.645,2064,1136,1469736,97765,,
learned_text_only,3200,0.7725,2.3698664,0.0007405832,3944882.04,1232.78,0.9346875,2991,209,1469736,97819,-0.27538991425293924,
learned_structured_only,3200,0.776875,1.9922288,0.0006225715,3720202.92,1162.56,0.815,2608,592,1469736,98077,-0.0028373507836566315,
learned_combined,3200,0.773125,2.389204,0.0007466262,3964187.59,1238.81,0.945625,3026,174,1469736,97801,-0.3086174230926812,
reflection,3200,0.7634375,2.0817196,0.0006505374,5522717.29,1725.85,0.665,2128,3200,2156347,147525,,0.75
